{"name":"All categories","id":0,"prime":true,"children":[{"name":"Arts \u0026 Entertainment","id":3,"prime":true,"children":[{"name":"Celebrities \u0026 Entertainment News","id":184,"prime":true},{"name":"Comics \u0026 Animation","id":316,"prime":true,"children":[{"name":"Animated Films","id":1104},{"name":"Anime \u0026 Manga","id":317,"prime":true},{"name":"Cartoons","id":319,"prime":true},{"name":"Comics","id":318,"prime":true}]},{"name":"Entertainment Industry","id":612,"prime":true,"children":[{"name":"Film \u0026 TV Industry","id":1116,"prime":true,"children":[{"name":"Film \u0026 TV Awards","id":1108,"prime":true},{"name":"Film \u0026 TV Production","id":1117,"prime":true}]},{"name":"Recording Industry","id":1115,"prime":true,"children":[{"name":"Music Awards","id":1113,"prime":true},{"name":"Record Labels","id":1114,"prime":true}]}]},{"name":"Events \u0026 Listings","id":569,"prime":true,"children":[{"name":"Clubs \u0026 Nightlife","id":188,"prime":true},{"name":"Concerts \u0026 Music Festivals","id":891,"prime":true},{"name":"Film Festivals","id":1086,"prime":true},{"name":"Live Sporting Events","id":1273,"prime":true},{"name":"Movie Listings \u0026 Theater Showtimes","id":1085,"prime":true},{"name":"Ticket Sales","id":614,"prime":true}]},{"name":"Fun \u0026 Trivia","id":539,"prime":true,"children":[{"name":"Dress-Up \u0026 Fashion Games","id":1173},{"name":"Flash-Based Entertainment","id":447,"prime":true},{"name":"Fun Tests \u0026 Silly Surveys","id":1174,"prime":true}]},{"name":"Humor","id":182,"prime":true,"children":[{"name":"Comedy Films","id":1095},{"name":"Live Comedy","id":895,"prime":true},{"name":"Political Humor","id":1180,"prime":true},{"name":"Spoofs \u0026 Satire","id":1244,"prime":true},{"name":"TV Comedies","id":1047}]},{"name":"Movies","id":34,"prime":true,"children":[{"name":"Action \u0026 Adventure Films","id":1097,"prime":true,"children":[{"name":"Martial Arts Films","id":1101,"prime":true},{"name":"Superhero Films","id":1100,"prime":true},{"name":"Western Films","id":1099,"prime":true}]},{"name":"Animated Films","id":1104,"prime":true},{"name":"Bollywood \u0026 South Asian Film","id":360,"prime":true},{"name":"Classic Films","id":1102,"prime":true,"children":[{"name":"Silent Films","id":1098,"prime":true}]},{"name":"Comedy Films","id":1095,"prime":true},{"name":"Cult \u0026 Indie Films","id":1103,"prime":true},{"name":"Documentary Films","id":1072,"prime":true},{"name":"Drama Films","id":1094,"prime":true},{"name":"DVD \u0026 Video Shopping","id":210,"prime":true,"children":[{"name":"DVD \u0026 Video Rentals","id":1145,"prime":true}]},{"name":"Family Films","id":1291,"prime":true},{"name":"Film \u0026 TV Awards","id":1108},{"name":"Film Festivals","id":1086},{"name":"Horror Films","id":615,"prime":true},{"name":"Movie Memorabilia","id":213,"prime":true},{"name":"Movie Reference","id":1106,"prime":true,"children":[{"name":"Movie Reviews \u0026 Previews","id":1107,"prime":true}]},{"name":"Musical Films","id":1105,"prime":true},{"name":"Romance Films","id":1310,"prime":true},{"name":"Science Fiction \u0026 Fantasy Films","id":616,"prime":true},{"name":"Thriller, Crime \u0026 Mystery Films","id":1096,"prime":true}]},{"name":"Music \u0026 Audio","id":35,"prime":true,"children":[{"name":"CD \u0026 Audio Shopping","id":217,"prime":true},{"name":"Classical Music","id":586,"prime":true,"children":[{"name":"Opera","id":1185}]},{"name":"Country Music","id":587,"prime":true},{"name":"Dance \u0026 Electronic Music","id":588,"prime":true},{"name":"Experimental \u0026 Industrial Music","id":1022,"prime":true},{"name":"Folk \u0026 Traditional Music","id":1023,"prime":true},{"name":"Jazz \u0026 Blues","id":589,"prime":true,"children":[{"name":"Blues","id":1040,"prime":true},{"name":"Jazz","id":42,"prime":true}]},{"name":"Latin Pop","id":1285},{"name":"Music Art \u0026 Memorabilia","id":218,"prime":true},{"name":"Music Education \u0026 Instruction","id":1087,"prime":true},{"name":"Music Equipment \u0026 Technology","id":1024,"prime":true,"children":[{"name":"DJ Resources \u0026 Equipment","id":1025,"prime":true},{"name":"Music Recording Technology","id":1026,"prime":true},{"name":"Musical Instruments","id":216,"prime":true,"children":[{"name":"Drums \u0026 Percussion","id":1327,"prime":true},{"name":"Guitars","id":1325,"prime":true},{"name":"Pianos \u0026 Keyboards","id":1326,"prime":true}]},{"name":"Samples \u0026 Sound Libraries","id":1091,"prime":true}]},{"name":"Music Reference","id":1027,"prime":true,"children":[{"name":"Music Composition \u0026 Theory","id":1028,"prime":true},{"name":"Sheet Music","id":892,"prime":true},{"name":"Song Lyrics \u0026 Tabs","id":617,"prime":true}]},{"name":"Music Streams \u0026 Downloads","id":220,"prime":true},{"name":"Pop Music","id":1021,"prime":true},{"name":"Radio","id":215,"prime":true,"children":[{"name":"Podcasting","id":809,"prime":true},{"name":"Talk Radio","id":1186,"prime":true}]},{"name":"Religious Music","id":1020,"prime":true,"children":[{"name":"Christian \u0026 Gospel Music","id":585,"prime":true}]},{"name":"Rock Music","id":590,"prime":true,"children":[{"name":"Classic Rock \u0026 Oldies","id":1037,"prime":true},{"name":"Hard Rock \u0026 Progressive","id":1035,"prime":true},{"name":"Indie \u0026 Alternative Music","id":1038,"prime":true},{"name":"Metal (Music)","id":1036,"prime":true},{"name":"Punk (Music)","id":1041,"prime":true}]},{"name":"Soundtracks","id":893,"prime":true},{"name":"Urban \u0026 Hip-Hop","id":592,"prime":true,"children":[{"name":"Rap \u0026 Hip-Hop","id":1030,"prime":true},{"name":"Reggaeton","id":1242,"prime":true},{"name":"Soul \u0026 R\u0026B","id":1039,"prime":true}]},{"name":"Vocals \u0026 Show Tunes","id":618,"prime":true},{"name":"World Music","id":593,"prime":true,"children":[{"name":"African Music","id":1208,"prime":true},{"name":"Arab \u0026 Middle Eastern Music","id":1034,"prime":true},{"name":"East Asian Music","id":1033,"prime":true},{"name":"Latin American Music","id":591,"prime":true,"children":[{"name":"Brazilian Music","id":1287,"prime":true},{"name":"Latin Pop","id":1285,"prime":true},{"name":"Reggaeton","id":1242},{"name":"Salsa \u0026 Tropical Music","id":1286,"prime":true}]},{"name":"Reggae \u0026 Caribbean Music","id":1031,"prime":true,"children":[{"name":"Reggaeton","id":1242}]},{"name":"South Asian Music","id":1032,"prime":true}]}]},{"name":"Offbeat","id":33,"prime":true,"children":[{"name":"Edgy \u0026 Bizarre","id":538,"prime":true},{"name":"Occult \u0026 Paranormal","id":449,"prime":true}]},{"name":"Online Media","id":613,"prime":true,"children":[{"name":"Flash-Based Entertainment","id":447},{"name":"Music Streams \u0026 Downloads","id":220},{"name":"Online Games","id":105,"children":[{"name":"Massive Multiplayer","id":935}]},{"name":"Online Image Galleries","id":1222,"prime":true,"children":[{"name":"Photo \u0026 Image Sharing","id":978},{"name":"Photo Rating Sites","id":320},{"name":"Stock Photography","id":574}]},{"name":"Online Video","id":211,"children":[{"name":"Video Sharing","id":979}]},{"name":"Web Portals","id":301},{"name":"Webcams \u0026 Virtual Tours","id":575,"prime":true}]},{"name":"Performing Arts","id":23,"prime":true,"children":[{"name":"Acting \u0026 Theater","id":894,"prime":true},{"name":"Broadway \u0026 Musical Theater","id":1243,"prime":true},{"name":"Dance","id":581,"prime":true},{"name":"Opera","id":1185,"prime":true}]},{"name":"TV \u0026 Video","id":36,"prime":true,"children":[{"name":"Online Video","id":211,"prime":true,"children":[{"name":"Video Sharing","id":979}]},{"name":"TV Commercials","id":1055,"prime":true},{"name":"TV Guides \u0026 Reference","id":1187,"prime":true},{"name":"TV Networks \u0026 Stations","id":359,"prime":true},{"name":"TV Shows \u0026 Programs","id":358,"prime":true,"children":[{"name":"TV Comedies","id":1047,"prime":true},{"name":"TV Dramas","id":1193,"prime":true,"children":[{"name":"TV Crime \u0026 Legal Shows","id":1111,"prime":true},{"name":"TV Medical Shows","id":1194,"prime":true},{"name":"TV Soap Operas","id":357,"prime":true}]},{"name":"TV Family-Oriented Shows","id":1110,"prime":true},{"name":"TV Game Shows","id":1050,"prime":true},{"name":"TV Reality Shows","id":1049,"prime":true},{"name":"TV Sci-Fi \u0026 Fantasy Shows","id":1112,"prime":true},{"name":"TV Talk Shows","id":1048,"prime":true}]}]},{"name":"Visual Art \u0026 Design","id":24,"prime":true,"children":[{"name":"Architecture","id":477,"prime":true},{"name":"Art \u0026 Craft Supplies","id":1361,"prime":true},{"name":"Arts Education","id":1195,"prime":true},{"name":"Design","id":653,"prime":true,"children":[{"name":"CAD \u0026 CAM","id":1300},{"name":"Graphic Design","id":654,"prime":true},{"name":"Industrial \u0026 Product Design","id":655,"prime":true},{"name":"Interior Design","id":656,"prime":true}]},{"name":"Painting","id":1167,"prime":true},{"name":"Photographic \u0026 Digital Arts","id":439,"prime":true,"children":[{"name":"Camera \u0026 Photo Equipment","id":573,"children":[{"name":"Binoculars, Telescopes \u0026 Optical Devices","id":1384},{"name":"Cameras \u0026 Camcorders","id":306,"children":[{"name":"Camcorders","id":308},{"name":"Camera Lenses","id":1383},{"name":"Cameras","id":307}]}]},{"name":"Photo \u0026 Video Software","id":577,"children":[{"name":"Video File Formats \u0026 Codecs","id":1315}]}]}]}]},{"name":"Autos \u0026 Vehicles","id":47,"prime":true,"children":[{"name":"Automotive Industry","id":1190},{"name":"Bicycles \u0026 Accessories","id":1191,"prime":true},{"name":"Boats \u0026 Watercraft","id":1140,"prime":true},{"name":"Campers \u0026 RVs","id":1213,"prime":true},{"name":"Classic Vehicles","id":1013,"prime":true},{"name":"Commercial Vehicles","id":1214,"prime":true,"children":[{"name":"Cargo Trucks \u0026 Trailers","id":1215,"prime":true}]},{"name":"Custom \u0026 Performance Vehicles","id":806,"prime":true},{"name":"Hybrid \u0026 Alternative Vehicles","id":810,"prime":true,"children":[{"name":"Electric \u0026 Plug-In Vehicles","id":1380,"prime":true}]},{"name":"Microcars \u0026 City Cars","id":1317,"prime":true},{"name":"Motorcycles","id":273,"prime":true},{"name":"Off-Road Vehicles","id":148,"prime":true},{"name":"Personal Aircraft","id":1147,"prime":true},{"name":"Scooters \u0026 Mopeds","id":1212,"prime":true},{"name":"Trucks \u0026 SUVs","id":610,"prime":true,"children":[{"name":"SUVs","id":1057,"prime":true},{"name":"Trucks","id":1056,"prime":true},{"name":"Vans \u0026 Minivans","id":1058,"prime":true}]},{"name":"Vehicle Brands","id":815,"prime":true,"children":[{"name":"Acura","id":820,"prime":true},{"name":"Audi","id":821,"prime":true},{"name":"Bentley","id":1059,"prime":true},{"name":"BMW","id":822,"prime":true},{"name":"Buick","id":1060,"prime":true},{"name":"Cadillac","id":823,"prime":true},{"name":"Chevrolet","id":826,"prime":true},{"name":"Chrysler","id":833,"prime":true},{"name":"Citroën","id":834,"prime":true},{"name":"Dodge","id":836,"prime":true},{"name":"Ferrari","id":1061,"prime":true},{"name":"Fiat","id":838,"prime":true},{"name":"Ford","id":840,"prime":true},{"name":"GM-Daewoo","id":896,"prime":true},{"name":"GMC","id":842,"prime":true},{"name":"Honda","id":843,"prime":true},{"name":"Hummer","id":1062,"prime":true},{"name":"Hyundai","id":845,"prime":true},{"name":"Isuzu","id":1378,"prime":true},{"name":"Jaguar","id":1063,"prime":true},{"name":"Jeep","id":846,"prime":true},{"name":"Kia","id":848,"prime":true},{"name":"Lamborghini","id":1064,"prime":true},{"name":"Land Rover","id":1065,"prime":true},{"name":"Lexus","id":849,"prime":true},{"name":"Lincoln","id":850,"prime":true},{"name":"Maserati","id":1066,"prime":true},{"name":"Mazda","id":851,"prime":true},{"name":"Mercedes-Benz","id":852,"prime":true},{"name":"Mercury","id":853,"prime":true},{"name":"Mini","id":1067,"prime":true},{"name":"Mitsubishi","id":854,"prime":true},{"name":"Nissan","id":855,"prime":true,"children":[{"name":"Infiniti","id":1377,"prime":true}]},{"name":"Peugeot","id":856,"prime":true},{"name":"Pontiac","id":857,"prime":true},{"name":"Porsche","id":858,"prime":true},{"name":"Renault-Samsung","id":859,"prime":true},{"name":"Rolls-Royce","id":1068,"prime":true},{"name":"Saab","id":897,"prime":true},{"name":"Saturn","id":860,"prime":true},{"name":"Subaru","id":861,"prime":true},{"name":"Suzuki","id":1070,"prime":true},{"name":"Toyota","id":863,"prime":true,"children":[{"name":"Scion","id":1069,"prime":true}]},{"name":"Vauxhall-Opel","id":898,"prime":true},{"name":"Volkswagen","id":865,"prime":true},{"name":"Volvo","id":867,"prime":true}]},{"name":"Vehicle Codes \u0026 Driving Laws","id":1294,"children":[{"name":"Drunk Driving Law","id":968}]},{"name":"Vehicle Licensing \u0026 Registration","id":170,"prime":true},{"name":"Vehicle Maintenance","id":138,"prime":true},{"name":"Vehicle Parts \u0026 Accessories","id":89,"prime":true,"children":[{"name":"Auto Exterior","id":1217,"prime":true},{"name":"Auto Interior","id":1218,"prime":true},{"name":"Car Electronics","id":1188,"children":[{"name":"Car Audio","id":230},{"name":"Car Video","id":1189},{"name":"GPS \u0026 Navigation","id":794}]},{"name":"Engine \u0026 Transmission","id":1216,"prime":true},{"name":"Vehicle Fuels \u0026 Lubricants","id":1269,"prime":true},{"name":"Vehicle Wheels \u0026 Tires","id":438,"prime":true}]},{"name":"Vehicle Shopping","id":473,"prime":true,"children":[{"name":"Fuel Economy \u0026 Gas Prices","id":1268,"prime":true},{"name":"Vehicle Specs, Reviews \u0026 Comparisons","id":1267,"prime":true}]},{"name":"Vehicle Shows","id":803,"prime":true}]},{"name":"Beauty \u0026 Fitness","id":44,"prime":true,"children":[{"name":"Beauty Pageants","id":1219,"prime":true},{"name":"Body Art","id":239,"prime":true},{"name":"Cosmetic Procedures","id":1220,"prime":true,"children":[{"name":"Cosmetic Surgery","id":238,"prime":true}]},{"name":"Cosmetology \u0026 Beauty Professionals","id":147,"prime":true},{"name":"Face \u0026 Body Care","id":143,"prime":true,"children":[{"name":"Hygiene \u0026 Toiletries","id":244,"prime":true},{"name":"Make-Up \u0026 Cosmetics","id":234,"prime":true},{"name":"Perfumes \u0026 Fragrances","id":242,"prime":true},{"name":"Skin \u0026 Nail Care","id":93,"prime":true},{"name":"Unwanted Body \u0026 Facial Hair Removal","id":144,"prime":true}]},{"name":"Fashion \u0026 Style","id":185,"prime":true,"children":[{"name":"Fashion Designers \u0026 Collections","id":98,"prime":true},{"name":"Fashion Modeling","id":1155,"prime":true}]},{"name":"Fitness","id":94,"prime":true,"children":[{"name":"Bodybuilding","id":241,"prime":true},{"name":"Yoga \u0026 Pilates","id":611,"prime":true}]},{"name":"Hair Care","id":146,"prime":true,"children":[{"name":"Hair Loss","id":235,"prime":true}]},{"name":"Spas \u0026 Beauty Services","id":145,"prime":true,"children":[{"name":"Massage Therapy","id":557,"prime":true}]},{"name":"Weight Loss","id":236,"prime":true}]},{"name":"Books \u0026 Literature","id":22,"prime":true,"children":[{"name":"Biographies \u0026 Quotations","id":690},{"name":"Book Retailers","id":355,"prime":true},{"name":"Children's Literature","id":1183,"prime":true},{"name":"E-Books","id":608,"prime":true},{"name":"Fan Fiction","id":540,"prime":true},{"name":"Literary Classics","id":1184,"prime":true},{"name":"Magazines","id":412,"prime":true},{"name":"Poetry","id":565,"prime":true},{"name":"Writers Resources","id":1177,"prime":true}]},{"name":"Business \u0026 Industrial","id":12,"prime":true,"children":[{"name":"Advertising \u0026 Marketing","id":25,"prime":true,"children":[{"name":"Marketing Services","id":83,"prime":true,"children":[{"name":"Loyalty Cards \u0026 Programs","id":1309}]},{"name":"Public Relations","id":327,"prime":true},{"name":"Search Engine Optimization \u0026 Marketing","id":84},{"name":"Telemarketing","id":328,"prime":true}]},{"name":"Aerospace \u0026 Defense","id":356,"prime":true,"children":[{"name":"Defense Industry","id":669,"prime":true},{"name":"Space Technology","id":668,"prime":true}]},{"name":"Agriculture \u0026 Forestry","id":46,"prime":true,"children":[{"name":"Agricultural Equipment","id":748,"prime":true},{"name":"Aquaculture","id":747,"prime":true},{"name":"Crops \u0026 Seed","id":749,"prime":true},{"name":"Food Production","id":621,"prime":true},{"name":"Forestry","id":750,"prime":true},{"name":"Horticulture","id":751,"prime":true},{"name":"Livestock","id":752,"prime":true}]},{"name":"Automotive Industry","id":1190,"prime":true},{"name":"Business Education","id":799,"prime":true},{"name":"Business Finance","id":1138,"prime":true,"children":[{"name":"Commercial Lending","id":1160,"prime":true},{"name":"Investment Banking","id":1139,"prime":true},{"name":"Risk Management","id":620,"prime":true},{"name":"Venture Capital","id":905,"prime":true}]},{"name":"Business News","id":784,"children":[{"name":"Company News","id":1179,"children":[{"name":"Company Earnings","id":1240},{"name":"Mergers \u0026 Acquisitions","id":1241}]},{"name":"Economy News","id":1164},{"name":"Financial Markets","id":1163},{"name":"Fiscal Policy News","id":1165}]},{"name":"Business Operations","id":1159,"prime":true,"children":[{"name":"Business Plans \u0026 Presentations","id":336,"prime":true},{"name":"Human Resources","id":157,"prime":true,"children":[{"name":"Compensation \u0026 Benefits","id":723,"prime":true},{"name":"Corporate Training","id":331,"prime":true},{"name":"Payroll Services","id":724,"prime":true},{"name":"Recruitment \u0026 Staffing","id":330,"prime":true}]},{"name":"Management","id":338,"prime":true,"children":[{"name":"Business Process","id":721,"prime":true},{"name":"Project Management","id":1360,"prime":true,"children":[{"name":"Project Management Software","id":1359}]},{"name":"Strategic Planning","id":722,"prime":true},{"name":"Supply Chain Management","id":801,"prime":true}]}]},{"name":"Business Services","id":329,"prime":true,"children":[{"name":"Advertising \u0026 Marketing","id":25,"children":[{"name":"Marketing Services","id":83,"children":[{"name":"Loyalty Cards \u0026 Programs","id":1309}]},{"name":"Public Relations","id":327},{"name":"Search Engine Optimization \u0026 Marketing","id":84},{"name":"Telemarketing","id":328}]},{"name":"Consulting","id":1162,"prime":true},{"name":"Corporate Events","id":334,"prime":true,"children":[{"name":"Trade Shows \u0026 Conventions","id":335,"prime":true}]},{"name":"E-Commerce Services","id":340,"prime":true,"children":[{"name":"Merchant Services \u0026 Payment Systems","id":280,"prime":true}]},{"name":"Fire \u0026 Security Services","id":726,"prime":true},{"name":"Knowledge Management","id":800,"prime":true},{"name":"Office Services","id":28,"prime":true,"children":[{"name":"Office \u0026 Facilities Management","id":337,"prime":true}]},{"name":"Office Supplies","id":95,"prime":true,"children":[{"name":"Business Cards \u0026 Stationary","id":1375},{"name":"Office Furniture","id":333,"prime":true},{"name":"Printers, Copiers \u0026 Fax","id":1330,"children":[{"name":"Copiers","id":1331},{"name":"Fax Machines","id":1332},{"name":"Ink \u0026 Toner","id":1333},{"name":"Printers","id":494},{"name":"Scanners","id":495}]}]},{"name":"Outsourcing","id":718,"prime":true},{"name":"Photo \u0026 Video Services","id":576,"children":[{"name":"Stock Photography","id":574}]},{"name":"Physical Asset Management","id":719,"prime":true},{"name":"Quality Control \u0026 Tracking","id":720,"prime":true},{"name":"Signage","id":1076,"prime":true},{"name":"Writing \u0026 Editing Services","id":725,"prime":true}]},{"name":"Chemicals Industry","id":288,"prime":true,"children":[{"name":"Agrochemicals","id":670,"prime":true},{"name":"Cleaning Agents","id":671,"prime":true},{"name":"Coatings \u0026 Adhesives","id":672,"prime":true},{"name":"Dyes \u0026 Pigments","id":673,"prime":true},{"name":"Plastics \u0026 Polymers","id":674,"prime":true}]},{"name":"Construction \u0026 Maintenance","id":48,"prime":true,"children":[{"name":"Building Materials \u0026 Supplies","id":650,"prime":true,"children":[{"name":"Doors \u0026 Windows","id":827},{"name":"HVAC \u0026 Climate Control","id":828},{"name":"Nails Screws \u0026 Fasteners","id":829,"prime":true},{"name":"Plumbing Fixtures \u0026 Equipment","id":830,"prime":true},{"name":"Wood \u0026 Plastics","id":831,"prime":true}]},{"name":"Civil Engineering","id":651,"prime":true},{"name":"Construction Consulting \u0026 Contracting","id":652,"prime":true},{"name":"Urban \u0026 Regional Planning","id":686,"prime":true}]},{"name":"Energy \u0026 Utilities","id":233,"prime":true,"children":[{"name":"Electricity","id":658,"prime":true},{"name":"Nuclear Energy","id":954,"prime":true},{"name":"Oil \u0026 Gas","id":659,"prime":true,"children":[{"name":"Vehicle Fuels \u0026 Lubricants","id":1269}]},{"name":"Renewable \u0026 Alternative Energy","id":657,"prime":true},{"name":"Waste Management","id":660,"prime":true,"children":[{"name":"Recycling","id":1307,"prime":true}]},{"name":"Water Supply \u0026 Treatment","id":1349,"prime":true}]},{"name":"Enterprise Technology","id":77,"children":[{"name":"Customer Relationship Management (CRM)","id":341},{"name":"Data Management","id":343},{"name":"E-Commerce Services","id":340,"children":[{"name":"Merchant Services \u0026 Payment Systems","id":280}]},{"name":"Enterprise Resource Planning (ERP)","id":342}]},{"name":"Entertainment Industry","id":612,"children":[{"name":"Film \u0026 TV Industry","id":1116,"children":[{"name":"Film \u0026 TV Awards","id":1108},{"name":"Film \u0026 TV Production","id":1117}]},{"name":"Recording Industry","id":1115,"children":[{"name":"Music Awards","id":1113},{"name":"Record Labels","id":1114}]}]},{"name":"Hospitality Industry","id":955,"prime":true,"children":[{"name":"Event Planning","id":956,"prime":true},{"name":"Food Service","id":957,"prime":true,"children":[{"name":"Grocery \u0026 Food Retailers","id":121},{"name":"Restaurant Supply","id":816,"prime":true}]}]},{"name":"Industrial Materials \u0026 Equipment","id":287,"prime":true,"children":[{"name":"Fluid Handling","id":1152,"prime":true,"children":[{"name":"Valves Hoses \u0026 Fittings","id":839,"prime":true}]},{"name":"Generators","id":835,"prime":true},{"name":"Heavy Machinery","id":837,"prime":true}]},{"name":"Manufacturing","id":49,"prime":true,"children":[{"name":"Factory Automation","id":661,"prime":true}]},{"name":"Metals \u0026 Mining","id":606,"prime":true},{"name":"Pharmaceuticals \u0026 Biotech","id":255,"prime":true},{"name":"Printing \u0026 Publishing","id":1176,"prime":true,"children":[{"name":"Document \u0026 Printing Services","id":332,"prime":true,"children":[{"name":"Business Cards \u0026 Stationary","id":1375,"prime":true}]},{"name":"Journalism \u0026 News Industry","id":1204}]},{"name":"Professional \u0026 Trade Associations","id":1199,"prime":true},{"name":"Retail Trade","id":841,"prime":true,"children":[{"name":"Retail Equipment \u0026 Technology","id":844,"prime":true}]},{"name":"Small Business","id":551,"prime":true,"children":[{"name":"Business Formation","id":1200,"prime":true},{"name":"Home Office","id":727,"prime":true},{"name":"MLM \u0026 Business Opportunities","id":552,"prime":true}]},{"name":"Textiles \u0026 Nonwovens","id":566,"prime":true},{"name":"Transportation \u0026 Logistics","id":50,"prime":true,"children":[{"name":"Aviation","id":662,"prime":true},{"name":"Distribution \u0026 Logistics","id":664,"prime":true},{"name":"Freight \u0026 Trucking","id":289,"prime":true,"children":[{"name":"Cargo Trucks \u0026 Trailers","id":1215}]},{"name":"Import \u0026 Export","id":354,"prime":true},{"name":"Mail \u0026 Package Delivery","id":1150,"prime":true,"children":[{"name":"Couriers \u0026 Messengers","id":663,"prime":true}]},{"name":"Maritime Transport","id":665,"prime":true},{"name":"Moving \u0026 Relocation","id":291,"prime":true},{"name":"Packaging","id":290,"prime":true},{"name":"Parking","id":1306,"prime":true,"children":[{"name":"Airport Parking \u0026 Transportation","id":1245}]},{"name":"Public Storage","id":1347,"prime":true},{"name":"Rail Transport","id":666,"prime":true},{"name":"Urban Transport","id":667,"prime":true}]}]},{"name":"Computers \u0026 Electronics","id":5,"prime":true,"children":[{"name":"CAD \u0026 CAM","id":1300,"prime":true},{"name":"Computer Hardware","id":30,"prime":true,"children":[{"name":"Computer Components","id":717,"prime":true,"children":[{"name":"Chips \u0026 Processors","id":741,"prime":true},{"name":"Computer Memory","id":226,"prime":true},{"name":"Sound \u0026 Video Cards","id":740,"prime":true}]},{"name":"Computer Drives \u0026 Storage","id":496,"prime":true,"children":[{"name":"CD \u0026 DVD Drives \u0026 Burners","id":1321,"prime":true},{"name":"CD \u0026 DVD Storage Media","id":1322,"prime":true},{"name":"Computer Memory","id":226},{"name":"Data Backup \u0026 Recovery","id":1323,"prime":true},{"name":"Flash Drives \u0026 Memory Cards","id":1318,"prime":true},{"name":"Hard Drives","id":1320,"prime":true},{"name":"Memory Card Readers","id":1319,"prime":true},{"name":"Network Storage","id":729,"prime":true}]},{"name":"Computer Peripherals","id":312,"prime":true,"children":[{"name":"Computer Monitors \u0026 Displays","id":487,"prime":true},{"name":"Input Devices","id":493,"prime":true},{"name":"Printers, Copiers \u0026 Fax","id":1330,"prime":true,"children":[{"name":"Copiers","id":1331,"prime":true},{"name":"Fax Machines","id":1332,"prime":true},{"name":"Ink \u0026 Toner","id":1333,"prime":true},{"name":"Printers","id":494,"prime":true},{"name":"Scanners","id":495,"prime":true}]}]},{"name":"Computer Servers","id":728,"prime":true},{"name":"Desktop Computers","id":309,"prime":true},{"name":"Hardware Modding \u0026 Tuning","id":739,"prime":true},{"name":"Laptops \u0026 Notebooks","id":310,"prime":true,"children":[{"name":"Tablet PCs","id":1277,"prime":true}]}]},{"name":"Computer Security","id":314,"prime":true,"children":[{"name":"Antivirus \u0026 Malware","id":315,"prime":true},{"name":"Network Security","id":344,"prime":true}]},{"name":"Consumer Electronics","id":78,"prime":true,"children":[{"name":"Audio Equipment","id":361,"prime":true,"children":[{"name":"Headphones","id":1396,"prime":true},{"name":"MP3 \u0026 Portable Media Players","id":227},{"name":"Speakers","id":1158,"prime":true},{"name":"Stereo Systems \u0026 Components","id":91,"prime":true}]},{"name":"Camera \u0026 Photo Equipment","id":573,"prime":true,"children":[{"name":"Binoculars, Telescopes \u0026 Optical Devices","id":1384,"prime":true},{"name":"Cameras \u0026 Camcorders","id":306,"prime":true,"children":[{"name":"Camcorders","id":308,"prime":true},{"name":"Camera Lenses","id":1383,"prime":true},{"name":"Cameras","id":307,"prime":true}]}]},{"name":"Car Electronics","id":1188,"prime":true,"children":[{"name":"Car Audio","id":230,"prime":true},{"name":"Car Video","id":1189,"prime":true},{"name":"GPS \u0026 Navigation","id":794}]},{"name":"Electronic Accessories","id":1192,"prime":true},{"name":"Gadgets \u0026 Portable Electronics","id":362,"prime":true,"children":[{"name":"E-Book Readers","id":1324,"prime":true},{"name":"Handheld Game Consoles","id":1046},{"name":"MP3 \u0026 Portable Media Players","id":227,"prime":true},{"name":"PDAs \u0026 Handhelds","id":228,"prime":true}]},{"name":"Game Systems \u0026 Consoles","id":899,"prime":true,"children":[{"name":"Handheld Game Consoles","id":1046,"prime":true},{"name":"Nintendo","id":1043,"prime":true},{"name":"Sony PlayStation","id":1044,"prime":true},{"name":"Xbox","id":1045,"prime":true}]},{"name":"GPS \u0026 Navigation","id":794,"prime":true},{"name":"TV \u0026 Video Equipment","id":229,"prime":true,"children":[{"name":"DVRs \u0026 Set-Top Boxes","id":1393,"prime":true},{"name":"Home Theater Systems","id":1157,"prime":true},{"name":"Projectors \u0026 Screens","id":1334,"prime":true},{"name":"Televisions","id":305,"prime":true,"children":[{"name":"HDTVs","id":1354,"prime":true},{"name":"LCD TVs","id":1356,"prime":true},{"name":"Plasma TVs","id":1355,"prime":true},{"name":"Projection TVs","id":1357,"prime":true}]},{"name":"Video Players \u0026 Recorders","id":492,"prime":true,"children":[{"name":"Blu-Ray Players \u0026 Recorders","id":1394,"prime":true},{"name":"DVD Players \u0026 Recorders","id":1395,"prime":true}]}]}]},{"name":"Electronics \u0026 Electrical","id":434,"prime":true,"children":[{"name":"Data Sheets \u0026 Electronics Reference","id":900,"prime":true},{"name":"Electromechanical Devices","id":743,"prime":true},{"name":"Electronic Components","id":742,"prime":true},{"name":"Optoelectronics \u0026 Fiber","id":744,"prime":true},{"name":"Power Supplies","id":745,"prime":true},{"name":"Test \u0026 Measurement","id":746,"prime":true}]},{"name":"Enterprise Technology","id":77,"prime":true,"children":[{"name":"Customer Relationship Management (CRM)","id":341,"prime":true},{"name":"Data Management","id":343,"prime":true},{"name":"E-Commerce Services","id":340,"children":[{"name":"Merchant Services \u0026 Payment Systems","id":280}]},{"name":"Enterprise Resource Planning (ERP)","id":342,"prime":true}]},{"name":"Networking","id":311,"prime":true,"children":[{"name":"Data Formats \u0026 Protocols","id":488,"prime":true},{"name":"Distributed \u0026 Parallel Computing","id":1298},{"name":"Network Monitoring \u0026 Management","id":347,"prime":true},{"name":"Networking Equipment","id":346,"prime":true},{"name":"VPN \u0026 Remote Access","id":1279,"prime":true}]},{"name":"Programming","id":31,"prime":true,"children":[{"name":"C \u0026 C++","id":731,"prime":true},{"name":"Developer Jobs","id":802,"prime":true},{"name":"Development Tools","id":730,"prime":true},{"name":"Java","id":732,"prime":true},{"name":"Scripting Languages","id":733,"prime":true},{"name":"Windows \u0026 .NET","id":734,"prime":true}]},{"name":"Software","id":32,"prime":true,"children":[{"name":"Business \u0026 Productivity Software","id":498,"prime":true,"children":[{"name":"Accounting \u0026 Financial Software","id":1341,"prime":true},{"name":"Calendar \u0026 Scheduling Software","id":1358,"prime":true},{"name":"Presentation Software","id":1346,"prime":true},{"name":"Project Management Software","id":1359,"prime":true},{"name":"Spreadsheet Software","id":1344,"prime":true},{"name":"Word Processing Software","id":1345,"prime":true}]},{"name":"Device Drivers","id":225,"prime":true},{"name":"Educational Software","id":804,"prime":true},{"name":"Freeware \u0026 Shareware","id":901,"prime":true},{"name":"Internet Software","id":807,"prime":true,"children":[{"name":"Content Management","id":808,"prime":true},{"name":"Internet Clients \u0026 Browsers","id":304,"prime":true},{"name":"Proxying \u0026 Filtering","id":902,"prime":true}]},{"name":"Mobile Apps \u0026 Add-Ons","id":1109,"children":[{"name":"Ringtones \u0026 Mobile Goodies","id":532}]},{"name":"Multimedia Software","id":497,"prime":true,"children":[{"name":"Audio \u0026 Music Software","id":1089,"prime":true,"children":[{"name":"Audio Files Formats \u0026 Codecs","id":1092,"prime":true}]},{"name":"Desktop Publishing","id":1088,"prime":true,"children":[{"name":"Fonts","id":805,"prime":true}]},{"name":"Graphics \u0026 Animation Software","id":486,"prime":true},{"name":"Media Players","id":1090,"prime":true},{"name":"Photo \u0026 Video Software","id":577,"prime":true,"children":[{"name":"Video File Formats \u0026 Codecs","id":1315,"prime":true}]}]},{"name":"Open Source","id":313,"prime":true},{"name":"Operating Systems","id":303,"prime":true,"children":[{"name":"Linux \u0026 Unix","id":736,"prime":true},{"name":"Mac OS","id":735,"prime":true},{"name":"Mobile OS","id":1382,"prime":true},{"name":"Windows OS","id":737,"prime":true}]},{"name":"Software Utilities","id":224,"prime":true},{"name":"Web Apps \u0026 Online Tools","id":1142}]},{"name":"Technical Support","id":567},{"name":"Technology News","id":785}]},{"name":"Finance","id":7,"prime":true,"children":[{"name":"Accounting \u0026 Auditing","id":278,"prime":true,"children":[{"name":"Accounting \u0026 Financial Software","id":1341},{"name":"Tax Preparation \u0026 Planning","id":1283,"prime":true}]},{"name":"Banking","id":37,"prime":true},{"name":"Credit \u0026 Lending","id":279,"prime":true,"children":[{"name":"Auto Financing","id":468,"prime":true},{"name":"College Financing","id":813,"prime":true},{"name":"Credit Cards","id":811,"prime":true},{"name":"Debt Management","id":812,"prime":true},{"name":"Home Financing","id":466,"prime":true}]},{"name":"Currencies \u0026 Foreign Exchange","id":814,"prime":true},{"name":"Financial Planning","id":903,"prime":true},{"name":"Grants \u0026 Financial Assistance","id":1282,"prime":true,"children":[{"name":"College Financing","id":813}]},{"name":"Insurance","id":38,"prime":true,"children":[{"name":"Auto Insurance","id":467,"prime":true},{"name":"Health Insurance","id":249,"prime":true},{"name":"Home Insurance","id":465,"prime":true}]},{"name":"Investing","id":107,"prime":true,"children":[{"name":"Commodities \u0026 Futures Trading","id":904,"prime":true}]},{"name":"Retirement \u0026 Pension","id":619,"prime":true}]},{"name":"Food \u0026 Drink","id":71,"prime":true,"children":[{"name":"Alcoholic Beverages","id":277,"prime":true,"children":[{"name":"Beer","id":404,"prime":true},{"name":"Liquor","id":406,"prime":true},{"name":"Wine","id":405,"prime":true}]},{"name":"Candy \u0026 Sweets","id":906,"prime":true},{"name":"Cooking \u0026 Recipes","id":122,"prime":true,"children":[{"name":"Baked Goods","id":907,"prime":true},{"name":"Fruits \u0026 Vegetables","id":908,"prime":true},{"name":"Meat \u0026 Seafood","id":909,"prime":true},{"name":"Soups \u0026 Stews","id":910,"prime":true},{"name":"Vegetarian Cuisine","id":825,"prime":true},{"name":"World Cuisines","id":911,"prime":true,"children":[{"name":"Asian Cuisine","id":912,"prime":true},{"name":"Latin American Cuisine","id":913,"prime":true},{"name":"Mediterranean Cuisine","id":914,"prime":true},{"name":"North American Cuisine","id":915,"prime":true}]}]},{"name":"Culinary Training","id":297,"prime":true},{"name":"Grocery \u0026 Food Retailers","id":121,"prime":true},{"name":"Non-Alcoholic Beverages","id":560,"prime":true,"children":[{"name":"Coffee \u0026 Tea","id":916,"prime":true}]},{"name":"Restaurants","id":276,"prime":true,"children":[{"name":"Dining Guides","id":917,"prime":true},{"name":"Fast Food","id":918,"prime":true},{"name":"Restaurant Supply","id":816}]}]},{"name":"Games","id":8,"prime":true,"children":[{"name":"Arcade \u0026 Coin-Op Games","id":919,"prime":true},{"name":"Board Games","id":920,"prime":true,"children":[{"name":"Chess \u0026 Abstract Strategy Games","id":921,"prime":true},{"name":"Miniatures \u0026 Wargaming","id":922,"prime":true}]},{"name":"Card Games","id":39,"prime":true,"children":[{"name":"Collectible Card Games","id":923,"prime":true},{"name":"Poker \u0026 Casino Games","id":924,"prime":true}]},{"name":"Computer \u0026 Video Games","id":41,"prime":true,"children":[{"name":"Action \u0026 Platform Games","id":1311,"prime":true},{"name":"Adventure Games","id":925,"prime":true},{"name":"Casual Games","id":926,"prime":true},{"name":"Driving \u0026 Racing Games","id":927,"prime":true},{"name":"Fighting Games","id":928,"prime":true},{"name":"Game Systems \u0026 Consoles","id":899,"children":[{"name":"Handheld Game Consoles","id":1046},{"name":"Nintendo","id":1043},{"name":"Sony PlayStation","id":1044},{"name":"Xbox","id":1045}]},{"name":"Gaming Media \u0026 Reference","id":1343,"prime":true,"children":[{"name":"Game Cheats \u0026 Hints","id":381,"prime":true}]},{"name":"Music \u0026 Dance Games","id":929,"prime":true},{"name":"Shooter Games","id":930,"prime":true},{"name":"Simulation Games","id":931,"prime":true},{"name":"Sports Games","id":932,"prime":true},{"name":"Strategy Games","id":933,"prime":true},{"name":"Video Game Emulation","id":1342,"prime":true},{"name":"Video Game Retailers","id":1146,"prime":true}]},{"name":"Family-Oriented Games \u0026 Activities","id":1290,"prime":true,"children":[{"name":"Drawing \u0026 Coloring","id":1397,"prime":true},{"name":"Dress-Up \u0026 Fashion Games","id":1173,"prime":true}]},{"name":"Online Games","id":105,"prime":true,"children":[{"name":"Massive Multiplayer","id":935,"prime":true}]},{"name":"Party Games","id":936,"prime":true},{"name":"Puzzles \u0026 Brainteasers","id":937,"prime":true},{"name":"Roleplaying Games","id":622,"prime":true},{"name":"Table Games","id":938,"prime":true,"children":[{"name":"Billiards","id":939,"prime":true},{"name":"Table Tennis","id":940,"prime":true}]}]},{"name":"Health","id":45,"prime":true,"children":[{"name":"Aging \u0026 Geriatrics","id":623,"prime":true,"children":[{"name":"Alzheimer's Disease","id":624,"prime":true}]},{"name":"Alternative \u0026 Natural Medicine","id":499,"prime":true,"children":[{"name":"Acupuncture \u0026 Chinese Medicine","id":1239,"prime":true},{"name":"Cleansing \u0026 Detoxification","id":1238,"prime":true}]},{"name":"Health Conditions","id":419,"prime":true,"children":[{"name":"AIDS \u0026 HIV","id":625,"prime":true},{"name":"Allergies","id":626,"prime":true},{"name":"Arthritis","id":628,"prime":true},{"name":"Cancer","id":429,"prime":true},{"name":"Cold \u0026 Flu","id":629,"prime":true},{"name":"Diabetes","id":630,"prime":true},{"name":"Ear Nose \u0026 Throat","id":1211,"prime":true},{"name":"Eating Disorders","id":571,"prime":true},{"name":"Endocrine Conditions","id":1328,"prime":true,"children":[{"name":"Diabetes","id":630},{"name":"Thyroid Conditions","id":1329,"prime":true}]},{"name":"Genetic Disorders","id":941,"prime":true},{"name":"GERD \u0026 Digestive Disorders","id":638,"prime":true},{"name":"Heart \u0026 Hypertension","id":559,"prime":true},{"name":"Infectious Diseases","id":632,"prime":true,"children":[{"name":"Cold \u0026 Flu","id":629},{"name":"Parasites \u0026 Parasitic Diseases","id":1262,"prime":true},{"name":"Sexually Transmitted Diseases","id":421,"children":[{"name":"AIDS \u0026 HIV","id":625}]},{"name":"Vaccines \u0026 Immunizations","id":1263,"prime":true}]},{"name":"Injury","id":817,"prime":true},{"name":"Neurological Disorders","id":942,"prime":true,"children":[{"name":"Alzheimer's Disease","id":624}]},{"name":"Obesity","id":818,"prime":true},{"name":"Pain Management","id":819,"prime":true,"children":[{"name":"Headaches \u0026 Migraines","id":631,"prime":true}]},{"name":"Respiratory Conditions","id":824,"prime":true,"children":[{"name":"Asthma","id":627,"prime":true}]},{"name":"Skin Conditions","id":420,"prime":true},{"name":"Sleep Disorders","id":633,"prime":true}]},{"name":"Health Education \u0026 Medical Training","id":254,"prime":true},{"name":"Health Foundations \u0026 Medical Research","id":252,"prime":true},{"name":"Health News","id":1253,"children":[{"name":"Health Policy","id":1256}]},{"name":"Medical Devices \u0026 Equipment","id":251,"prime":true,"children":[{"name":"Assistive Technology","id":1352,"prime":true,"children":[{"name":"Mobility Equipment \u0026 Accessories","id":1353,"prime":true}]}]},{"name":"Medical Facilities \u0026 Services","id":256,"prime":true,"children":[{"name":"Doctors' Offices","id":634,"prime":true},{"name":"Hospitals \u0026 Treatment Centers","id":250,"prime":true},{"name":"Medical Procedures","id":635,"prime":true,"children":[{"name":"Medical Tests \u0026 Exams","id":943,"prime":true},{"name":"Surgery","id":944,"prime":true,"children":[{"name":"Cosmetic Surgery","id":238}]},{"name":"Vaccines \u0026 Immunizations","id":1263}]},{"name":"Physical Therapy","id":500,"prime":true}]},{"name":"Medical Literature \u0026 Resources","id":253,"prime":true,"children":[{"name":"Medical Photos \u0026 Illustration","id":945,"prime":true}]},{"name":"Men's Health","id":636,"prime":true,"children":[{"name":"Erectile Dysfunction","id":202}]},{"name":"Mental Health","id":437,"prime":true,"children":[{"name":"Anxiety \u0026 Stress","id":639,"prime":true},{"name":"Depression","id":640,"prime":true},{"name":"Learning \u0026 Developmental Disabilities","id":641,"prime":true,"children":[{"name":"ADD \u0026 ADHD","id":642,"prime":true}]}]},{"name":"Nursing","id":418,"prime":true,"children":[{"name":"Assisted Living \u0026 Long Term Care","id":649,"prime":true}]},{"name":"Nutrition","id":456,"prime":true,"children":[{"name":"Special \u0026 Restricted Diets","id":457,"prime":true,"children":[{"name":"Cholesterol Issues","id":643,"prime":true}]},{"name":"Vitamins \u0026 Supplements","id":237,"prime":true}]},{"name":"Oral \u0026 Dental Care","id":245,"prime":true},{"name":"Pediatrics","id":645,"prime":true},{"name":"Pharmacy","id":248,"prime":true,"children":[{"name":"Drugs \u0026 Medications","id":646,"prime":true}]},{"name":"Public Health","id":947,"prime":true,"children":[{"name":"Health Policy","id":1256,"prime":true},{"name":"Occupational Health \u0026 Safety","id":644,"prime":true},{"name":"Poisons \u0026 Overdoses","id":946,"prime":true},{"name":"Vaccines \u0026 Immunizations","id":1263}]},{"name":"Reproductive Health","id":195,"prime":true,"children":[{"name":"Birth Control","id":198,"prime":true},{"name":"Erectile Dysfunction","id":202,"prime":true},{"name":"Infertility","id":647,"prime":true},{"name":"OBGYN","id":558,"prime":true,"children":[{"name":"Pregnancy \u0026 Maternity","id":401}]},{"name":"Sex Education \u0026 Counseling","id":536,"prime":true},{"name":"Sexual Enhancement","id":1236,"prime":true},{"name":"Sexually Transmitted Diseases","id":421,"prime":true,"children":[{"name":"AIDS \u0026 HIV","id":625}]}]},{"name":"Substance Abuse","id":257,"prime":true,"children":[{"name":"Drug \u0026 Alcohol Testing","id":1351,"prime":true},{"name":"Drug \u0026 Alcohol Treatment","id":1350,"prime":true},{"name":"Smoking \u0026 Smoking Cessation","id":1237,"prime":true},{"name":"Steroids \u0026 Performance-Enhancing Drugs","id":1235,"prime":true}]},{"name":"Vision Care","id":246,"prime":true,"children":[{"name":"Eyeglasses \u0026 Contacts","id":1224,"prime":true}]},{"name":"Women's Health","id":648,"prime":true,"children":[{"name":"OBGYN","id":558,"children":[{"name":"Pregnancy \u0026 Maternity","id":401}]}]}]},{"name":"Hobbies \u0026 Leisure","id":65,"prime":true,"children":[{"name":"Antiques \u0026 Collectibles","id":64},{"name":"Bowling","id":1016},{"name":"Clubs \u0026 Nightlife","id":188},{"name":"Clubs \u0026 Organizations","id":189,"prime":true},{"name":"Contests, Awards \u0026 Prizes","id":1276,"prime":true,"children":[{"name":"Film \u0026 TV Awards","id":1108},{"name":"Lottery \u0026 Sweepstakes","id":364,"prime":true}]},{"name":"Crafts","id":284,"prime":true,"children":[{"name":"Fiber \u0026 Textile Arts","id":1230,"prime":true}]},{"name":"Cycling","id":458,"children":[{"name":"Bicycles \u0026 Accessories","id":1191}]},{"name":"Outdoors","id":688,"prime":true,"children":[{"name":"Equestrian","id":568,"prime":true},{"name":"Fishing","id":462,"prime":true},{"name":"Hiking \u0026 Camping","id":542,"prime":true},{"name":"Hunting \u0026 Shooting","id":461,"prime":true}]},{"name":"Paintball","id":786,"prime":true},{"name":"Pets \u0026 Animals","id":66,"children":[{"name":"Animal Products \u0026 Services","id":882,"children":[{"name":"Animal Welfare","id":883},{"name":"Pet Food \u0026 Supplies","id":379},{"name":"Veterinarians","id":380}]},{"name":"Pets","id":563,"children":[{"name":"Birds","id":884},{"name":"Cats","id":885},{"name":"Dogs","id":886},{"name":"Exotic Pets","id":607},{"name":"Fish \u0026 Aquaria","id":887},{"name":"Horses","id":888},{"name":"Rabbits \u0026 Rodents","id":889},{"name":"Reptiles \u0026 Amphibians","id":890}]},{"name":"Wildlife","id":119,"children":[{"name":"Insects \u0026 Entomology","id":1278},{"name":"Zoos-Aquariums-Preserves","id":1009}]}]},{"name":"Photographic \u0026 Digital Arts","id":439,"children":[{"name":"Camera \u0026 Photo Equipment","id":573,"children":[{"name":"Binoculars, Telescopes \u0026 Optical Devices","id":1384},{"name":"Cameras \u0026 Camcorders","id":306,"children":[{"name":"Camcorders","id":308},{"name":"Camera Lenses","id":1383},{"name":"Cameras","id":307}]}]},{"name":"Photo \u0026 Video Software","id":577,"children":[{"name":"Video File Formats \u0026 Codecs","id":1315}]}]},{"name":"Radio Control \u0026 Modeling","id":787,"prime":true},{"name":"Recreational Aviation","id":999,"prime":true,"children":[{"name":"Personal Aircraft","id":1147}]},{"name":"Running \u0026 Walking","id":541},{"name":"Special Occasions","id":977,"prime":true,"children":[{"name":"Gifts \u0026 Special Event Items","id":70,"children":[{"name":"Cards \u0026 Greetings","id":100},{"name":"Flowers","id":323},{"name":"Gifts","id":99},{"name":"Party \u0026 Holiday Supplies","id":324}]},{"name":"Holidays \u0026 Seasonal Events","id":678,"prime":true,"children":[{"name":"Birthdays \u0026 Name Days","id":1270,"prime":true},{"name":"Carnival \u0026 Mardi Gras","id":1246,"prime":true},{"name":"Christian Holidays","id":1274,"prime":true,"children":[{"name":"Christmas","id":1078,"prime":true},{"name":"Easter","id":1123,"prime":true}]},{"name":"Halloween \u0026 October 31st","id":1079,"prime":true},{"name":"Islamic Holidays","id":1275,"prime":true},{"name":"Jewish Holidays","id":1124,"prime":true},{"name":"New Year","id":1271,"prime":true},{"name":"Thanksgiving","id":1125,"prime":true},{"name":"Valentine's Day","id":1122,"prime":true}]},{"name":"Weddings","id":293,"prime":true}]},{"name":"Subcultures \u0026 Niche Interests","id":502,"children":[{"name":"Goth Subculture","id":503},{"name":"Science Fiction \u0026 Fantasy","id":676}]},{"name":"Water Activities","id":1002,"prime":true,"children":[{"name":"Boating","id":459,"prime":true,"children":[{"name":"Boats \u0026 Watercraft","id":1140}]},{"name":"Diving \u0026 Underwater Activities","id":1305,"prime":true},{"name":"Surf \u0026 Swim","id":689,"prime":true},{"name":"Water Sports","id":118}]}]},{"name":"Home \u0026 Garden","id":11,"prime":true,"children":[{"name":"Bed \u0026 Bath","id":948,"prime":true,"children":[{"name":"Bathroom","id":1365,"prime":true},{"name":"Bedroom","id":1366,"prime":true,"children":[{"name":"Bedding \u0026 Bed Linens","id":1369,"prime":true},{"name":"Beds \u0026 Headboards","id":1367,"prime":true},{"name":"Mattresses","id":1368,"prime":true}]}]},{"name":"Domestic Services","id":472,"prime":true,"children":[{"name":"Cleaning Supplies \u0026 Services","id":949,"prime":true}]},{"name":"Gardening \u0026 Landscaping","id":269,"prime":true},{"name":"Home Appliances","id":271,"prime":true,"children":[{"name":"Major Kitchen Appliances","id":1293},{"name":"Small Kitchen Appliances","id":1292},{"name":"Water Filters \u0026 Purifiers","id":1371,"prime":true}]},{"name":"Home Furnishings","id":270,"prime":true,"children":[{"name":"Clocks","id":1363,"prime":true},{"name":"Lamps \u0026 Lighting","id":272,"prime":true},{"name":"Rugs \u0026 Carpets","id":1362,"prime":true},{"name":"Sofas \u0026 Chairs","id":1370,"prime":true}]},{"name":"Home Improvement","id":158,"prime":true,"children":[{"name":"Construction \u0026 Power Tools","id":950,"prime":true},{"name":"Doors \u0026 Windows","id":827,"prime":true},{"name":"Flooring","id":832,"prime":true,"children":[{"name":"Rugs \u0026 Carpets","id":1362}]},{"name":"House Painting \u0026 Finishing","id":1232,"prime":true},{"name":"HVAC \u0026 Climate Control","id":828},{"name":"Plumbing","id":1153,"prime":true},{"name":"Roofing","id":1175,"prime":true}]},{"name":"Home Storage \u0026 Shelving","id":1348,"prime":true},{"name":"Homemaking \u0026 Interior Decor","id":137,"prime":true},{"name":"HVAC \u0026 Climate Control","id":828,"prime":true},{"name":"Kitchen \u0026 Dining","id":951,"prime":true,"children":[{"name":"Cookware \u0026 Diningware","id":120,"prime":true,"children":[{"name":"Cutlery \u0026 Cutting Accessories","id":1373,"prime":true}]},{"name":"Major Kitchen Appliances","id":1293,"prime":true},{"name":"Small Kitchen Appliances","id":1292,"prime":true}]},{"name":"Laundry","id":1364,"prime":true},{"name":"Nursery \u0026 Playroom","id":1372,"prime":true},{"name":"Pest Control","id":471,"prime":true},{"name":"Swimming Pools \u0026 Spas","id":952,"prime":true},{"name":"Yard \u0026 Patio","id":953,"prime":true}]},{"name":"Internet \u0026 Telecom","id":13,"prime":true,"children":[{"name":"Communications Equipment","id":385,"prime":true,"children":[{"name":"Radio Equipment","id":1182,"prime":true}]},{"name":"Email \u0026 Messaging","id":394,"prime":true,"children":[{"name":"Microblogging","id":1381},{"name":"Text \u0026 Instant Messaging","id":1379,"prime":true},{"name":"Voice \u0026 Video Chat","id":386,"prime":true}]},{"name":"Mobile \u0026 Wireless","id":382,"prime":true,"children":[{"name":"Mobile \u0026 Wireless Accessories","id":1171,"prime":true,"children":[{"name":"Bluetooth Accessories","id":1170,"prime":true}]},{"name":"Mobile Apps \u0026 Add-Ons","id":1109,"prime":true,"children":[{"name":"Ringtones \u0026 Mobile Goodies","id":532,"prime":true}]},{"name":"Mobile OS","id":1382},{"name":"Mobile Phones","id":390,"prime":true}]},{"name":"Search Engines","id":485,"prime":true,"children":[{"name":"People Search","id":1234,"prime":true}]},{"name":"Service Providers","id":383,"prime":true,"children":[{"name":"Cable \u0026 Satellite Providers","id":501,"prime":true},{"name":"ISPs","id":104,"prime":true},{"name":"Phone Service Providers","id":384,"prime":true,"children":[{"name":"Calling Cards","id":389,"prime":true}]}]},{"name":"Teleconferencing","id":392,"prime":true},{"name":"Web Apps \u0026 Online Tools","id":1142,"prime":true},{"name":"Web Portals","id":301,"prime":true},{"name":"Web Services","id":302,"prime":true,"children":[{"name":"Affiliate Programs","id":326,"prime":true},{"name":"Search Engine Optimization \u0026 Marketing","id":84,"prime":true},{"name":"Web Design \u0026 Development","id":422,"prime":true},{"name":"Web Hosting \u0026 Domain Registration","id":53,"prime":true},{"name":"Web Stats \u0026 Analytics","id":675,"prime":true}]}]},{"name":"Jobs \u0026 Education","id":958,"prime":true,"children":[{"name":"Education","id":74,"prime":true,"children":[{"name":"Academic Conferences \u0026 Publications","id":1289,"prime":true},{"name":"Alumni \u0026 Reunions","id":1015,"prime":true},{"name":"Arts Education","id":1195},{"name":"Business Education","id":799},{"name":"Colleges \u0026 Universities","id":372,"prime":true},{"name":"Distance Learning","id":367,"prime":true},{"name":"Early Childhood Education","id":1012,"prime":true},{"name":"Foreign Language Study","id":1266},{"name":"Health Education \u0026 Medical Training","id":254},{"name":"Homeschooling","id":791,"prime":true},{"name":"Legal Education","id":792},{"name":"Music Education \u0026 Instruction","id":1087},{"name":"Primary \u0026 Secondary Schooling (K-12)","id":371,"prime":true},{"name":"Special Education","id":1118,"prime":true},{"name":"Standardized \u0026 Admissions Tests","id":373,"prime":true},{"name":"Study Abroad","id":1308,"prime":true},{"name":"Teaching \u0026 Classroom Resources","id":700,"prime":true},{"name":"Training \u0026 Certification","id":1388,"prime":true},{"name":"Vocational \u0026 Continuing Education","id":369,"prime":true,"children":[{"name":"Computer Education","id":1229,"prime":true}]}]},{"name":"Jobs","id":60,"prime":true,"children":[{"name":"Career Resources \u0026 Planning","id":959,"prime":true},{"name":"Developer Jobs","id":802},{"name":"Job Listings","id":960,"prime":true},{"name":"Resumes \u0026 Portfolios","id":961,"prime":true}]}]},{"name":"Law \u0026 Government","id":19,"prime":true,"children":[{"name":"Government","id":76,"prime":true,"children":[{"name":"Courts \u0026 Judiciary","id":1075,"prime":true},{"name":"Embassies \u0026 Consulates","id":962,"prime":true},{"name":"Executive Branch","id":963,"prime":true},{"name":"Government Agencies","id":1387,"prime":true},{"name":"Government Contracting \u0026 Procurement","id":1385,"prime":true},{"name":"Intelligence \u0026 Counterterrorism","id":1221,"prime":true},{"name":"Legislative Branch","id":964,"prime":true},{"name":"Lobbying","id":1386,"prime":true},{"name":"Multilateral Organizations","id":965,"prime":true},{"name":"Public Finance","id":1161,"prime":true},{"name":"Public Policy","id":1316,"prime":true,"children":[{"name":"Drug Laws \u0026 Policy","id":1314},{"name":"Fiscal Policy News","id":1165},{"name":"Health Policy","id":1256},{"name":"Immigration Policy \u0026 Border Issues","id":1313},{"name":"International Relations","id":521}]},{"name":"Royalty","id":702,"prime":true},{"name":"State \u0026 Local Government","id":966,"prime":true},{"name":"Visa \u0026 Immigration","id":555,"prime":true}]},{"name":"Legal","id":75,"prime":true,"children":[{"name":"Accident \u0026 Personal Injury Law","id":427,"prime":true},{"name":"Bankruptcy","id":423,"prime":true},{"name":"Business \u0026 Corporate Law","id":1272,"prime":true},{"name":"Constitutional Law \u0026 Civil Rights","id":967,"prime":true},{"name":"Criminal Law","id":424,"prime":true},{"name":"Family Law","id":522,"prime":true},{"name":"Intellectual Property","id":426,"prime":true},{"name":"Labor \u0026 Employment Law","id":701,"prime":true},{"name":"Legal Education","id":792,"prime":true},{"name":"Legal Services","id":969,"prime":true},{"name":"Product Liability","id":970,"prime":true},{"name":"Vehicle Codes \u0026 Driving Laws","id":1294,"prime":true,"children":[{"name":"Drunk Driving Law","id":968,"prime":true}]}]},{"name":"Military","id":366,"prime":true,"children":[{"name":"Air Force","id":1247,"prime":true},{"name":"Army","id":1248,"prime":true},{"name":"Marines","id":1250,"prime":true},{"name":"Military History","id":1288},{"name":"Navy","id":1249,"prime":true},{"name":"Veterans","id":793,"prime":true}]},{"name":"Public Safety","id":166,"prime":true,"children":[{"name":"Crime \u0026 Justice","id":704,"prime":true,"children":[{"name":"Corporate \u0026 Financial Crime","id":1181,"prime":true},{"name":"Gangs \u0026 Organized Crime","id":1312,"prime":true},{"name":"Prisons \u0026 Corrections","id":1284,"prime":true}]},{"name":"Emergency Services","id":168,"prime":true},{"name":"Law Enforcement","id":535,"prime":true,"children":[{"name":"Intelligence \u0026 Counterterrorism","id":1221}]},{"name":"Public Health","id":947,"children":[{"name":"Health Policy","id":1256},{"name":"Occupational Health \u0026 Safety","id":644},{"name":"Poisons \u0026 Overdoses","id":946},{"name":"Vaccines \u0026 Immunizations","id":1263}]},{"name":"Security Products \u0026 Services","id":705,"prime":true}]},{"name":"Social Services","id":508,"prime":true,"children":[{"name":"Counseling Services","id":511,"prime":true},{"name":"Welfare \u0026 Unemployment","id":706,"prime":true}]}]},{"name":"News","id":16,"prime":true,"children":[{"name":"Broadcast \u0026 Network News","id":112,"prime":true},{"name":"Business News","id":784,"prime":true,"children":[{"name":"Company News","id":1179,"prime":true,"children":[{"name":"Company Earnings","id":1240,"prime":true},{"name":"Mergers \u0026 Acquisitions","id":1241,"prime":true}]},{"name":"Economy News","id":1164,"prime":true},{"name":"Financial Markets","id":1163,"prime":true},{"name":"Fiscal Policy News","id":1165,"prime":true}]},{"name":"Celebrities \u0026 Entertainment News","id":184},{"name":"Gossip \u0026 Tabloid News","id":507,"prime":true,"children":[{"name":"Scandals \u0026 Investigations","id":1259,"prime":true}]},{"name":"Health News","id":1253,"prime":true,"children":[{"name":"Health Policy","id":1256}]},{"name":"Journalism \u0026 News Industry","id":1204,"prime":true},{"name":"Local News","id":572,"prime":true},{"name":"Newspapers","id":408,"prime":true},{"name":"Politics","id":396,"prime":true,"children":[{"name":"Campaigns \u0026 Elections","id":398,"prime":true},{"name":"Left-Wing Politics","id":410,"prime":true},{"name":"Media Critics \u0026 Watchdogs","id":1203,"prime":true},{"name":"Opinion \u0026 Commentary","id":1201,"prime":true},{"name":"Political Polls \u0026 Surveys","id":1202,"prime":true},{"name":"Right-Wing Politics","id":409,"prime":true}]},{"name":"Sports News","id":1077,"prime":true},{"name":"Technology News","id":785,"prime":true},{"name":"Weather","id":63,"prime":true},{"name":"World News","id":1209,"prime":true}]},{"name":"Online Communities","id":299,"prime":true,"children":[{"name":"Blogging Resources \u0026 Services","id":504,"prime":true,"children":[{"name":"Microblogging","id":1381,"prime":true}]},{"name":"Dating \u0026 Personals","id":55,"prime":true,"children":[{"name":"Matrimonial Services","id":546,"prime":true},{"name":"Personals","id":102,"prime":true},{"name":"Photo Rating Sites","id":320,"prime":true}]},{"name":"File Sharing \u0026 Hosting","id":321,"prime":true},{"name":"Forum \u0026 Chat Providers","id":191,"prime":true},{"name":"Online Goodies","id":43,"prime":true,"children":[{"name":"Clip Art \u0026 Animated GIFs","id":1223,"prime":true},{"name":"Skins Themes \u0026 Wallpapers","id":578,"prime":true},{"name":"Social Network Apps \u0026 Add-Ons","id":847,"prime":true}]},{"name":"Online Journals \u0026 Personal Sites","id":582,"prime":true},{"name":"Photo \u0026 Video Sharing","id":275,"prime":true,"children":[{"name":"Photo \u0026 Image Sharing","id":978,"prime":true},{"name":"Video Sharing","id":979,"prime":true}]},{"name":"Social Networks","id":529,"prime":true,"children":[{"name":"Social Network Apps \u0026 Add-Ons","id":847}]},{"name":"Virtual Worlds","id":972,"prime":true}]},{"name":"People \u0026 Society","id":14,"prime":true,"children":[{"name":"Disabled \u0026 Special Needs","id":677,"prime":true,"children":[{"name":"Assistive Technology","id":1352,"children":[{"name":"Mobility Equipment \u0026 Accessories","id":1353}]}]},{"name":"Ethnic \u0026 Identity Groups","id":56,"prime":true,"children":[{"name":"Africans \u0026 Diaspora","id":579,"prime":true,"children":[{"name":"African-Americans","id":547,"prime":true}]},{"name":"Arabs \u0026 Middle Easterners","id":556,"prime":true},{"name":"Asians \u0026 Diaspora","id":1257,"prime":true,"children":[{"name":"East Asians \u0026 Diaspora","id":549,"prime":true},{"name":"South Asians \u0026 Diaspora","id":528,"prime":true},{"name":"Southeast Asians \u0026 Pacific Islanders","id":580,"prime":true}]},{"name":"Discrimination \u0026 Identity Relations","id":1205},{"name":"Eastern Europeans","id":682,"prime":true},{"name":"Expatriate Communities","id":973,"prime":true},{"name":"Gay-Lesbian-Bisexual-Transgender","id":113,"prime":true},{"name":"Indigenous Peoples","id":681,"prime":true,"children":[{"name":"Native Americans","id":171,"prime":true}]},{"name":"Jewish Culture","id":550,"prime":true,"children":[{"name":"Jewish Holidays","id":1124}]},{"name":"Latinos \u0026 Latin-Americans","id":548,"prime":true},{"name":"Western Europeans","id":683,"prime":true}]},{"name":"Family \u0026 Relationships","id":1131,"prime":true,"children":[{"name":"Etiquette","id":1304,"prime":true},{"name":"Family","id":1132,"prime":true,"children":[{"name":"Ancestry \u0026 Genealogy","id":400,"prime":true},{"name":"Baby \u0026 Pet Names","id":1231,"prime":true},{"name":"Parenting","id":58,"prime":true,"children":[{"name":"Adoption","id":974,"prime":true},{"name":"Babies \u0026 Toddlers","id":1374,"prime":true,"children":[{"name":"Baby Care \u0026 Hygiene","id":115,"prime":true}]},{"name":"Child Care","id":403,"prime":true},{"name":"Pregnancy \u0026 Maternity","id":401,"prime":true},{"name":"Youth Camps","id":402,"prime":true}]}]},{"name":"Friendship","id":1134,"prime":true},{"name":"Marriage","id":1133,"prime":true,"children":[{"name":"Divorce \u0026 Separation","id":1261},{"name":"Weddings","id":293}]},{"name":"Romance","id":1135,"prime":true},{"name":"Troubled Relationships","id":1260,"prime":true,"children":[{"name":"Divorce \u0026 Separation","id":1261,"prime":true}]}]},{"name":"Kids \u0026 Teens","id":154,"prime":true,"children":[{"name":"Children's Interests","id":679,"prime":true,"children":[{"name":"Children's Literature","id":1183},{"name":"Family Films","id":1291},{"name":"Family-Oriented Games \u0026 Activities","id":1290,"children":[{"name":"Drawing \u0026 Coloring","id":1397},{"name":"Dress-Up \u0026 Fashion Games","id":1173}]},{"name":"TV Family-Oriented Shows","id":1110}]},{"name":"Teen Interests","id":680,"prime":true}]},{"name":"Religion \u0026 Belief","id":59,"prime":true,"children":[{"name":"Astrology \u0026 Divination","id":448,"prime":true},{"name":"Buddhism","id":862,"prime":true},{"name":"Christianity","id":864,"prime":true,"children":[{"name":"Christian Holidays","id":1274,"children":[{"name":"Christmas","id":1078},{"name":"Easter","id":1123}]}]},{"name":"Hinduism","id":866,"prime":true},{"name":"Islam","id":868,"prime":true,"children":[{"name":"Islamic Holidays","id":1275}]},{"name":"Judaism","id":869,"prime":true},{"name":"Occult \u0026 Paranormal","id":449},{"name":"Pagan \u0026 Esoteric Traditions","id":1258,"prime":true},{"name":"Places of Worship","id":1296,"prime":true},{"name":"Scientology","id":1251,"prime":true},{"name":"Self-Help \u0026 Motivational","id":870,"prime":true},{"name":"Skeptics \u0026 Non-Believers","id":975,"prime":true},{"name":"Spirituality","id":101,"prime":true},{"name":"Theology \u0026 Religious Study","id":1340,"prime":true}]},{"name":"Seniors \u0026 Retirement","id":298,"prime":true},{"name":"Social Issues \u0026 Advocacy","id":54,"prime":true,"children":[{"name":"Animal Welfare","id":883},{"name":"Charity \u0026 Philanthropy","id":57,"prime":true},{"name":"Discrimination \u0026 Identity Relations","id":1205,"prime":true},{"name":"Drug Laws \u0026 Policy","id":1314,"prime":true},{"name":"Environmental Issues","id":82,"prime":true,"children":[{"name":"Climate Change \u0026 Global Warming","id":1255}]},{"name":"Health Policy","id":1256},{"name":"Housing \u0026 Development","id":1166,"prime":true},{"name":"Human Rights \u0026 Liberties","id":1280,"prime":true},{"name":"Immigration Policy \u0026 Border Issues","id":1313,"prime":true},{"name":"Media Critics \u0026 Watchdogs","id":1203},{"name":"Poverty \u0026 Hunger","id":1127,"prime":true},{"name":"Privacy Issues","id":1281,"prime":true},{"name":"Reproductive Rights","id":976,"prime":true},{"name":"Same-Sex Marriage","id":1301,"prime":true},{"name":"Work \u0026 Labor Issues","id":703,"prime":true,"children":[{"name":"Labor \u0026 Employment Law","id":701},{"name":"Unions \u0026 Labor Movement","id":1121,"prime":true}]}]},{"name":"Social Sciences","id":509,"prime":true,"children":[{"name":"Communications \u0026 Media Studies","id":1302,"prime":true,"children":[{"name":"Public Speaking","id":1303,"prime":true}]},{"name":"Demographics","id":510,"prime":true},{"name":"Economics","id":520,"prime":true},{"name":"International Relations","id":521,"prime":true},{"name":"Psychology","id":543,"prime":true}]},{"name":"Subcultures \u0026 Niche Interests","id":502,"prime":true,"children":[{"name":"Goth Subculture","id":503,"prime":true},{"name":"Science Fiction \u0026 Fantasy","id":676,"prime":true}]}]},{"name":"Pets \u0026 Animals","id":66,"prime":true,"children":[{"name":"Animal Products \u0026 Services","id":882,"prime":true,"children":[{"name":"Animal Welfare","id":883,"prime":true},{"name":"Pet Food \u0026 Supplies","id":379,"prime":true},{"name":"Veterinarians","id":380,"prime":true}]},{"name":"Pets","id":563,"prime":true,"children":[{"name":"Birds","id":884,"prime":true},{"name":"Cats","id":885,"prime":true},{"name":"Dogs","id":886,"prime":true},{"name":"Exotic Pets","id":607,"prime":true},{"name":"Fish \u0026 Aquaria","id":887,"prime":true},{"name":"Horses","id":888,"prime":true},{"name":"Rabbits \u0026 Rodents","id":889,"prime":true},{"name":"Reptiles \u0026 Amphibians","id":890,"prime":true}]},{"name":"Wildlife","id":119,"prime":true,"children":[{"name":"Insects \u0026 Entomology","id":1278},{"name":"Zoos-Aquariums-Preserves","id":1009}]}]},{"name":"Real Estate","id":29,"prime":true,"children":[{"name":"Apartments \u0026 Residential Rentals","id":378,"prime":true},{"name":"Commercial \u0026 Investment Real Estate","id":1178,"prime":true},{"name":"Property Development","id":687,"prime":true},{"name":"Property Inspections \u0026 Appraisals","id":463,"prime":true},{"name":"Property Management","id":425,"prime":true},{"name":"Real Estate Agencies","id":96,"prime":true},{"name":"Real Estate Listings","id":1080,"prime":true},{"name":"Timeshares \u0026 Vacation Properties","id":1081,"prime":true}]},{"name":"Reference","id":533,"prime":true,"children":[{"name":"Directories \u0026 Listings","id":527,"prime":true,"children":[{"name":"Business \u0026 Personal Listings","id":377,"prime":true}]},{"name":"General Reference","id":980,"prime":true,"children":[{"name":"Biographies \u0026 Quotations","id":690,"prime":true},{"name":"Calculators \u0026 Reference Tools","id":691,"prime":true},{"name":"Dictionaries \u0026 Encyclopedias","id":692,"prime":true},{"name":"Educational Resources","id":374,"prime":true},{"name":"Forms Guides \u0026 Templates","id":693,"prime":true,"children":[{"name":"Legal Forms","id":1137,"prime":true}]},{"name":"How-To, DIY \u0026 Expert Content","id":694,"prime":true},{"name":"Public Records","id":1136,"prime":true},{"name":"Time \u0026 Calendars","id":695,"prime":true}]},{"name":"Geographic Reference","id":1084,"prime":true,"children":[{"name":"City \u0026 Local Guides","id":1014,"prime":true},{"name":"Maps","id":268,"prime":true,"children":[{"name":"Traffic \u0026 Public Transit","id":685,"prime":true}]}]},{"name":"Humanities","id":474,"prime":true,"children":[{"name":"History","id":433,"prime":true,"children":[{"name":"Military History","id":1288,"prime":true}]},{"name":"Myth \u0026 Folklore","id":609,"prime":true},{"name":"Philosophy","id":1093,"prime":true}]},{"name":"Language Resources","id":108,"prime":true,"children":[{"name":"Dictionaries \u0026 Encyclopedias","id":692},{"name":"Foreign Language Resources","id":1264,"prime":true,"children":[{"name":"Foreign Language Study","id":1266,"prime":true},{"name":"Translation Tools \u0026 Resources","id":1265,"prime":true}]}]},{"name":"Libraries \u0026 Museums","id":375,"prime":true},{"name":"Social Sciences","id":509,"children":[{"name":"Communications \u0026 Media Studies","id":1302,"children":[{"name":"Public Speaking","id":1303}]},{"name":"Demographics","id":510},{"name":"Economics","id":520},{"name":"International Relations","id":521},{"name":"Psychology","id":543}]},{"name":"Technical Reference","id":1233,"prime":true,"children":[{"name":"Data Sheets \u0026 Electronics Reference","id":900},{"name":"Technical Support","id":567}]}]},{"name":"Science","id":174,"prime":true,"children":[{"name":"Astronomy","id":435,"prime":true},{"name":"Biological Sciences","id":440,"prime":true,"children":[{"name":"Anatomy","id":788,"prime":true},{"name":"Flora \u0026 Fauna","id":981,"prime":true,"children":[{"name":"Insects \u0026 Entomology","id":1278,"prime":true}]},{"name":"Genetics","id":982,"prime":true},{"name":"Neuroscience","id":1226,"prime":true}]},{"name":"Chemistry","id":505,"prime":true},{"name":"Computer Science","id":1227,"prime":true,"children":[{"name":"Computer Education","id":1229},{"name":"Distributed \u0026 Parallel Computing","id":1298,"prime":true},{"name":"Machine Learning \u0026 Artificial Intelligence","id":1299,"prime":true},{"name":"Programming","id":31,"children":[{"name":"C \u0026 C++","id":731},{"name":"Developer Jobs","id":802},{"name":"Development Tools","id":730},{"name":"Java","id":732},{"name":"Scripting Languages","id":733},{"name":"Windows \u0026 .NET","id":734}]}]},{"name":"Earth Sciences","id":1168,"prime":true,"children":[{"name":"Atmospheric Science","id":1254,"prime":true,"children":[{"name":"Climate Change \u0026 Global Warming","id":1255}]},{"name":"Geology","id":443,"prime":true},{"name":"Paleontology","id":1169,"prime":true},{"name":"Water \u0026 Marine Sciences","id":441,"prime":true}]},{"name":"Ecology \u0026 Environment","id":442,"prime":true,"children":[{"name":"Climate Change \u0026 Global Warming","id":1255,"prime":true}]},{"name":"Engineering \u0026 Technology","id":231,"prime":true,"children":[{"name":"CAD \u0026 CAM","id":1300},{"name":"Robotics","id":1141,"prime":true},{"name":"Technology News","id":785}]},{"name":"Mathematics","id":436,"prime":true,"children":[{"name":"Statistics","id":1252,"prime":true}]},{"name":"Physics","id":444,"prime":true},{"name":"Scientific Equipment","id":445,"prime":true},{"name":"Scientific Institutions","id":446,"prime":true}]},{"name":"Shopping","id":18,"prime":true,"children":[{"name":"Antiques \u0026 Collectibles","id":64,"prime":true},{"name":"Apparel","id":68,"prime":true,"children":[{"name":"Apparel Services","id":1228,"prime":true},{"name":"Athletic Apparel","id":983,"prime":true},{"name":"Casual Apparel","id":984,"prime":true,"children":[{"name":"T-Shirts","id":428,"prime":true}]},{"name":"Children's Clothing","id":985,"prime":true},{"name":"Clothing Accessories","id":124,"prime":true,"children":[{"name":"Gems \u0026 Jewelry","id":350,"prime":true},{"name":"Handbags \u0026 Purses","id":986,"prime":true},{"name":"Watches","id":987,"prime":true}]},{"name":"Costumes","id":988,"prime":true},{"name":"Eyewear","id":989,"prime":true,"children":[{"name":"Eyeglasses \u0026 Contacts","id":1224}]},{"name":"Footwear","id":697,"prime":true},{"name":"Formal Wear","id":990,"prime":true},{"name":"Headwear","id":991,"prime":true},{"name":"Men's Clothing","id":992,"prime":true},{"name":"Outerwear","id":993,"prime":true},{"name":"Sleepwear","id":994,"prime":true},{"name":"Swimwear","id":995,"prime":true},{"name":"Undergarments","id":530,"prime":true},{"name":"Uniforms \u0026 Workwear","id":996,"prime":true},{"name":"Women's Clothing","id":997,"prime":true}]},{"name":"Auctions","id":292,"prime":true},{"name":"Classifieds","id":61,"prime":true},{"name":"Consumer Electronics","id":78,"children":[{"name":"Audio Equipment","id":361,"children":[{"name":"Headphones","id":1396},{"name":"MP3 \u0026 Portable Media Players","id":227},{"name":"Speakers","id":1158},{"name":"Stereo Systems \u0026 Components","id":91}]},{"name":"Camera \u0026 Photo Equipment","id":573,"children":[{"name":"Binoculars, Telescopes \u0026 Optical Devices","id":1384},{"name":"Cameras \u0026 Camcorders","id":306,"children":[{"name":"Camcorders","id":308},{"name":"Camera Lenses","id":1383},{"name":"Cameras","id":307}]}]},{"name":"Car Electronics","id":1188,"children":[{"name":"Car Audio","id":230},{"name":"Car Video","id":1189},{"name":"GPS \u0026 Navigation","id":794}]},{"name":"Electronic Accessories","id":1192},{"name":"Gadgets \u0026 Portable Electronics","id":362,"children":[{"name":"E-Book Readers","id":1324},{"name":"Handheld Game Consoles","id":1046},{"name":"MP3 \u0026 Portable Media Players","id":227},{"name":"PDAs \u0026 Handhelds","id":228}]},{"name":"Game Systems \u0026 Consoles","id":899,"children":[{"name":"Handheld Game Consoles","id":1046},{"name":"Nintendo","id":1043},{"name":"Sony PlayStation","id":1044},{"name":"Xbox","id":1045}]},{"name":"GPS \u0026 Navigation","id":794},{"name":"TV \u0026 Video Equipment","id":229,"children":[{"name":"DVRs \u0026 Set-Top Boxes","id":1393},{"name":"Home Theater Systems","id":1157},{"name":"Projectors \u0026 Screens","id":1334},{"name":"Televisions","id":305,"children":[{"name":"HDTVs","id":1354},{"name":"LCD TVs","id":1356},{"name":"Plasma TVs","id":1355},{"name":"Projection TVs","id":1357}]},{"name":"Video Players \u0026 Recorders","id":492,"children":[{"name":"Blu-Ray Players \u0026 Recorders","id":1394},{"name":"DVD Players \u0026 Recorders","id":1395}]}]}]},{"name":"Consumer Resources","id":69,"prime":true,"children":[{"name":"Consumer Advocacy \u0026 Protection","id":97,"prime":true},{"name":"Coupons \u0026 Discount Offers","id":365,"prime":true},{"name":"Customer Services","id":450,"prime":true,"children":[{"name":"Loyalty Cards \u0026 Programs","id":1309,"prime":true},{"name":"Technical Support","id":567,"prime":true},{"name":"Warranties \u0026 Service Contracts","id":451,"prime":true}]},{"name":"Product Reviews \u0026 Price Comparisons","id":353,"prime":true,"children":[{"name":"Price Comparisons","id":352,"prime":true},{"name":"Vehicle Specs, Reviews \u0026 Comparisons","id":1267}]}]},{"name":"Entertainment Media","id":1143,"prime":true,"children":[{"name":"Book Retailers","id":355},{"name":"CD \u0026 Audio Shopping","id":217},{"name":"DVD \u0026 Video Shopping","id":210,"children":[{"name":"DVD \u0026 Video Rentals","id":1145}]},{"name":"Entertainment Media Rentals","id":1144,"prime":true,"children":[{"name":"DVD \u0026 Video Rentals","id":1145}]},{"name":"Video Game Retailers","id":1146}]},{"name":"Gifts \u0026 Special Event Items","id":70,"prime":true,"children":[{"name":"Cards \u0026 Greetings","id":100,"prime":true},{"name":"Flowers","id":323,"prime":true},{"name":"Gifts","id":99,"prime":true},{"name":"Party \u0026 Holiday Supplies","id":324,"prime":true}]},{"name":"Luxury Goods","id":696,"prime":true},{"name":"Mass Merchants \u0026 Department Stores","id":73,"prime":true},{"name":"Photo \u0026 Video Services","id":576,"prime":true,"children":[{"name":"Stock Photography","id":574,"prime":true}]},{"name":"Shopping Portals \u0026 Search Engines","id":531,"prime":true},{"name":"Sporting Goods","id":263,"children":[{"name":"Bicycles \u0026 Accessories","id":1191},{"name":"Sports Memorabilia","id":1083}]},{"name":"Swap Meets \u0026 Outdoor Markets","id":1210,"prime":true},{"name":"Ticket Sales","id":614},{"name":"Tobacco Products","id":123,"prime":true},{"name":"Toys","id":432,"prime":true},{"name":"Wholesalers \u0026 Liquidators","id":1225,"prime":true}]},{"name":"Sports","id":20,"prime":true,"children":[{"name":"College Sports","id":1073,"prime":true},{"name":"Combat Sports","id":514,"prime":true,"children":[{"name":"Boxing","id":515,"prime":true},{"name":"Martial Arts","id":516,"prime":true},{"name":"Wrestling","id":512,"prime":true}]},{"name":"Extreme Sports","id":554,"prime":true,"children":[{"name":"Drag \u0026 Street Racing","id":1206,"prime":true},{"name":"Stunts \u0026 Dangerous Feats","id":1207,"prime":true}]},{"name":"Fantasy Sports","id":998,"prime":true},{"name":"Individual Sports","id":1000,"prime":true,"children":[{"name":"Bowling","id":1016,"prime":true},{"name":"Cycling","id":458,"prime":true,"children":[{"name":"Bicycles \u0026 Accessories","id":1191}]},{"name":"Golf","id":261,"prime":true},{"name":"Gymnastics","id":519,"prime":true},{"name":"Racquet Sports","id":262,"prime":true,"children":[{"name":"Tennis","id":1376,"prime":true}]},{"name":"Running \u0026 Walking","id":541,"prime":true},{"name":"Skate Sports","id":1126,"prime":true},{"name":"Track \u0026 Field","id":518,"prime":true}]},{"name":"Live Sporting Events","id":1273},{"name":"Motor Sports","id":180,"prime":true,"children":[{"name":"Drag \u0026 Street Racing","id":1206}]},{"name":"Sporting Goods","id":263,"prime":true,"children":[{"name":"Bicycles \u0026 Accessories","id":1191},{"name":"Sports Memorabilia","id":1083,"prime":true}]},{"name":"Sports Coaching \u0026 Training","id":1082,"prime":true},{"name":"Sports News","id":1077},{"name":"Team Sports","id":1001,"prime":true,"children":[{"name":"American Football","id":258,"prime":true},{"name":"Baseball","id":259,"prime":true},{"name":"Basketball","id":264,"prime":true},{"name":"Cheerleading","id":534,"prime":true},{"name":"Cricket","id":296,"prime":true},{"name":"Handball","id":1017,"prime":true},{"name":"Hockey","id":260,"prime":true},{"name":"Rugby","id":517,"prime":true},{"name":"Soccer","id":294,"prime":true},{"name":"Volleyball","id":699,"prime":true}]},{"name":"Water Sports","id":118,"prime":true},{"name":"Winter Sports","id":265,"prime":true,"children":[{"name":"Ice Skating","id":1149,"prime":true},{"name":"Skiing \u0026 Snowboarding","id":1148,"prime":true}]},{"name":"World Sports Competitions","id":1198,"prime":true,"children":[{"name":"Olympics","id":513,"prime":true}]}]},{"name":"Travel","id":67,"prime":true,"children":[{"name":"Air Travel","id":203,"prime":true,"children":[{"name":"Airport Parking \u0026 Transportation","id":1245,"prime":true},{"name":"Recreational Aviation","id":999,"children":[{"name":"Personal Aircraft","id":1147}]}]},{"name":"Bus \u0026 Rail","id":708,"prime":true},{"name":"Car Rental \u0026 Taxi Services","id":205,"prime":true},{"name":"Carpooling \u0026 Ridesharing","id":1339,"prime":true},{"name":"Cruises \u0026 Charters","id":206,"prime":true},{"name":"Hotels \u0026 Accommodations","id":179,"prime":true},{"name":"Luggage \u0026 Travel Accessories","id":1003,"prime":true},{"name":"Specialty Travel","id":1004,"prime":true,"children":[{"name":"Adventure Travel","id":707,"prime":true},{"name":"Agritourism","id":1389,"prime":true},{"name":"Ecotourism","id":1005,"prime":true},{"name":"Sightseeing Tours","id":1390,"prime":true},{"name":"Vineyards \u0026 Wine Tourism","id":1391,"prime":true}]},{"name":"Tourist Destinations","id":208,"prime":true,"children":[{"name":"Beaches \u0026 Islands","id":1074,"prime":true},{"name":"Historical Sites \u0026 Buildings","id":1006,"prime":true},{"name":"Lakes \u0026 Rivers","id":1120,"prime":true},{"name":"Mountain \u0026 Ski Resorts","id":1119,"prime":true},{"name":"Regional Parks \u0026 Gardens","id":1007,"prime":true},{"name":"Theme Parks","id":1008,"prime":true},{"name":"Zoos-Aquariums-Preserves","id":1009,"prime":true}]},{"name":"Travel Agencies \u0026 Services","id":1010,"prime":true,"children":[{"name":"Tourist Boards \u0026 Visitor Centers","id":1392,"prime":true},{"name":"Vacation Offers","id":1019,"prime":true}]},{"name":"Travel Guides \u0026 Travelogues","id":1011,"prime":true}]}]}
